id_publicacion,fecha,texto,tipo_contenido,likes,comentarios,alcance,red_social,url_publicacion,categoria_sugerida
FB_UPT_2026_001,2026-09-03,Webinar Especializado: Transforma tu empresa con IA. Dirigido a estudiantes y profesionales del sector tecnológico. Inscripciones abiertas.,Foto,32,5,480,Facebook,https://www.facebook.com/uptsistemas/posts/pfbid02zWk9bM1,Académico
FB_UPT_2026_002,2026-09-02,Convocatoria al Congreso Internacional de Ingeniería de Sistemas INFONOR 2026. Envío de trabajos de investigación y ponencias científicas.,Foto,48,9,620,Facebook,https://www.facebook.com/uptsistemas/posts/pfbid03aNx8cD2,Académico
FB_UPT_2026_003,2026-08-31,Webinar: Inteligencia Artificial y nuevas oportunidades en la ingeniería de software moderna con ponentes internacionales de la industria.,Video,56,12,890,Facebook,https://www.facebook.com/uptsistemas/posts/pfbid04bOy7eF3,Académico
FB_UPT_2026_004,2026-08-25,Ceremonia de Graduación y Colación de Grados de los bachilleres y titulados en Ingeniería de Sistemas - Promoción 2026. ¡Felicitaciones a los nuevos ingenieros!,Foto,115,28,1450,Facebook,https://www.facebook.com/uptsistemas/posts/pfbid05cPz6gH4,Eventos
FB_UPT_2026_005,2026-08-18,Convocatoria a Prácticas Pre Profesionales en empresas líderes de desarrollo de software y TI aliadas con la EPIS-UPT.,Foto,42,14,580,Facebook,https://www.facebook.com/uptsistemas/posts/pfbid06dQa5iJ5,Convocatorias
FB_UPT_2026_006,2026-08-10,Felicitamos al equipo de estudiantes de la EPIS por obtener el 1er puesto en la Hackathon Regional Tacna Innova 2026 con su proyecto de Smart Health.,Foto,98,21,1320,Facebook,https://www.facebook.com/uptsistemas/posts/pfbid07eRb4kL6,Logros/Becas
FB_UPT_2026_007,2026-08-03,Taller intensivo de Ciberseguridad y Auditoría de Sistemas de Información. Aprende técnicas de pentesting ético y respuesta a incidentes.,Foto,39,7,510,Facebook,https://www.facebook.com/uptsistemas/posts/pfbid08fSc3mN7,Académico
FB_UPT_2026_008,2026-07-27,¡Felices Fiestas Patrias! La Escuela Profesional de Ingeniería de Sistemas saluda a toda la comunidad universitaria y a nuestra patria en este 28 de Julio.,Foto,74,8,950,Facebook,https://www.facebook.com/uptsistemas/posts/pfbid09gTd2oP8,Difusión general
FB_UPT_2026_009,2026-07-20,Recordatorio de entrega de notas finales y actas de evaluación correspondientes al primer corte del semestre 2026-I a través del portal docente.,Texto,26,4,390,Facebook,https://www.facebook.com/uptsistemas/posts/pfbid10hUe1qR9,Académico
FB_UPT_2026_010,2026-07-14,Beca de Movilidad Académica Internacional UPT: Se apertura postulación para pasantías estudiantiles en universidades de Chile y Colombia.,Foto,83,19,1180,Facebook,https://www.facebook.com/uptsistemas/posts/pfbid11iVf0sT0,Logros/Becas
FB_UPT_2026_011,2026-07-06,"Video resumen de la Semana de Ingeniería de Sistemas: Conferencias magistrales, feria de prototipos de robótica y torneo de programación competitiva.",Video,128,34,1820,Facebook,https://www.facebook.com/uptsistemas/posts/pfbid12jWg9uV1,Eventos
FB_UPT_2026_012,2026-06-28,Convocatoria abierta para conformar el Capítulo Estudiantil IEEE Computer Society EPIS-UPT periodo 2026-2027.,Foto,51,11,710,Facebook,https://www.facebook.com/uptsistemas/posts/pfbid13kXh8wX2,Convocatorias
FB_UPT_2026_013,2026-06-20,Feria de Proyectos de Innovación Tecnológica e Inteligencia de Negocios de los cursos de la EPIS. Exposición abierta en el Campus Capanique.,Foto,104,23,1390,Facebook,https://www.facebook.com/uptsistemas/posts/pfbid14lYi7yZ3,Eventos
FB_UPT_2026_014,2026-06-12,Conferencia Magistral: Arquitecturas Modernas de Cloud Computing y Microservicios en Kubernetes por el Ing. Carlos Mendoza.,Foto,47,8,630,Facebook,https://www.facebook.com/uptsistemas/posts/pfbid15mZj6aB4,Académico
FB_UPT_2026_015,2026-06-05,La EPIS-UPT conmemora el Día Mundial del Medio Ambiente promoviendo iniciativas de Green IT y eficiencia energética en centros de cómputo.,Foto,36,3,460,Facebook,https://www.facebook.com/uptsistemas/posts/pfbid16nAk5cD5,Difusión general
FB_UPT_2026_016,2026-05-28,Video tutorial: Proceso de matrícula extemporánea y rectificación de asignaturas 2026-I para estudiantes regulares.,Video,65,18,920,Facebook,https://www.facebook.com/uptsistemas/posts/pfbid17oBl4eF6,Académico
FB_UPT_2026_017,2026-05-20,Reconocimiento a egresados destacados de la EPIS que actualmente lideran equipos de ingeniería en empresas tecnológicas globales.,Foto,112,25,1560,Facebook,https://www.facebook.com/uptsistemas/posts/pfbid18pCm3gH7,Logros/Becas
FB_UPT_2026_018,2026-05-12,"Saludo muy especial a todas las madres de la Escuela de Sistemas en su día, en especial a nuestras docentes, estudiantes y colaboradoras.",Foto,88,15,1120,Facebook,https://www.facebook.com/uptsistemas/posts/pfbid19qDn2iJ8,Difusión general
FB_UPT_2026_019,2026-05-04,Charla informativa: Certificaciones de AWS Academy y Cisco Networking Academy disponibles gratuitamente para alumnos de Sistemas.,Foto,58,13,770,Facebook,https://www.facebook.com/uptsistemas/posts/pfbid20rEo1kL9,Académico
FB_UPT_2026_020,2026-04-26,Comunicado oficial sobre horarios de laboratorios y salas de servidores para el desarrollo de proyectos de fin de carrera.,Texto,31,6,430,Facebook,https://www.facebook.com/uptsistemas/posts/pfbid21sFp0mN0,Otros
FB_UPT_2026_021,2026-04-18,"Jornada de Integración Estudiantil EPIS 2026: Torneo relámpago de fútbol, básquet y torneos de videojuegos e-sports.",Foto,135,41,1950,Facebook,https://www.facebook.com/uptsistemas/posts/pfbid22tGq9oP1,Eventos
FB_UPT_2026_022,2026-04-10,"Convocatoria para Ayudantes de Cátedra en las áreas de Algoritmos, Bases de Datos, Redes y Sistemas Inteligentes.",Foto,44,16,610,Facebook,https://www.facebook.com/uptsistemas/posts/pfbid23uHr8qR2,Convocatorias
FB_UPT_2026_023,2026-04-02,Video institucional de bienvenida y recorrido por los nuevos laboratorios de cómputo de alto rendimiento y ciencia de datos.,Video,91,20,1280,Facebook,https://www.facebook.com/uptsistemas/posts/pfbid24vIs7sT3,Difusión general
FB_UPT_2026_024,2026-03-25,Inicio oficial de clases del Semestre Académico 2026-I. ¡Éxitos a todos los futuros ingenieros en este nuevo ciclo!,Foto,105,27,1490,Facebook,https://www.facebook.com/uptsistemas/posts/pfbid25wJt6uV4,Eventos
FB_UPT_2026_025,2026-03-17,Publicación del calendario académico oficial 2026-I y cronograma de pagos para estudiantes de pregrado.,Texto,38,9,510,Facebook,https://www.facebook.com/uptsistemas/posts/pfbid26xKu5wX5,Académico
FB_UPT_2026_026,2026-03-08,Conmemoración del Día Internacional de la Mujer: Saludamos y destacamos el aporte de nuestras docentes y futuras ingenieras de sistemas.,Foto,69,10,880,Facebook,https://www.facebook.com/uptsistemas/posts/pfbid27yLv4yZ6,Difusión general
FB_UPT_2026_027,2026-03-02,Examen de Admisión Ordinario 2026-I: ¡Forma parte de la carrera que lidera la transformación digital del país!,Foto,82,19,1150,Facebook,https://www.facebook.com/uptsistemas/posts/pfbid28zMw3aB7,Convocatorias
