id_publicacion,codigo_publicacion,nombre_categoria,tipo_contenido,likes,comentarios,alcance,engagement,longitud_texto,texto_publicacion,cluster_id,cluster_label
1,FB_UPT_2026_001,Académico,Foto,32,5,480,37,139,Webinar Especializado: Transforma tu empresa con IA. Dirigido a estudiantes y profesionales del sector tecnológico. Inscripciones abiertas.,2,Avisos Operativos / Básicos
2,FB_UPT_2026_002,Académico,Foto,48,9,620,57,138,Convocatoria al Congreso Internacional de Ingeniería de Sistemas INFONOR 2026. Envío de trabajos de investigación y ponencias científicas.,2,Avisos Operativos / Básicos
3,FB_UPT_2026_003,Académico,Video,56,12,890,68,138,Webinar: Inteligencia Artificial y nuevas oportunidades en la ingeniería de software moderna con ponentes internacionales de la industria.,2,Avisos Operativos / Básicos
4,FB_UPT_2026_004,Eventos,Foto,115,28,1450,143,160,Ceremonia de Graduación y Colación de Grados de los bachilleres y titulados en Ingeniería de Sistemas - Promoción 2026. ¡Felicitaciones a los nuevos ingenieros!,0,Alto Impacto y Tracción
5,FB_UPT_2026_005,Convocatorias,Foto,42,14,580,56,118,Convocatoria a Prácticas Pre Profesionales en empresas líderes de desarrollo de software y TI aliadas con la EPIS-UPT.,1,Interacción Formativa Moderada
6,FB_UPT_2026_006,Logros/Becas,Foto,98,21,1320,119,149,Felicitamos al equipo de estudiantes de la EPIS por obtener el 1er puesto en la Hackathon Regional Tacna Innova 2026 con su proyecto de Smart Health.,0,Alto Impacto y Tracción
7,FB_UPT_2026_007,Académico,Foto,39,7,510,46,137,Taller intensivo de Ciberseguridad y Auditoría de Sistemas de Información. Aprende técnicas de pentesting ético y respuesta a incidentes.,2,Avisos Operativos / Básicos
8,FB_UPT_2026_008,Difusión general,Foto,74,8,950,82,155,¡Felices Fiestas Patrias! La Escuela Profesional de Ingeniería de Sistemas saluda a toda la comunidad universitaria y a nuestra patria en este 28 de Julio.,2,Avisos Operativos / Básicos
9,FB_UPT_2026_009,Académico,Texto,26,4,390,30,144,Recordatorio de entrega de notas finales y actas de evaluación correspondientes al primer corte del semestre 2026-I a través del portal docente.,2,Avisos Operativos / Básicos
10,FB_UPT_2026_010,Logros/Becas,Foto,83,19,1180,102,137,Beca de Movilidad Académica Internacional UPT: Se apertura postulación para pasantías estudiantiles en universidades de Chile y Colombia.,0,Alto Impacto y Tracción
11,FB_UPT_2026_011,Eventos,Video,128,34,1820,162,149,"Video resumen de la Semana de Ingeniería de Sistemas: Conferencias magistrales, feria de prototipos de robótica y torneo de programación competitiva.",0,Alto Impacto y Tracción
12,FB_UPT_2026_012,Convocatorias,Foto,51,11,710,62,109,Convocatoria abierta para conformar el Capítulo Estudiantil IEEE Computer Society EPIS-UPT periodo 2026-2027.,1,Interacción Formativa Moderada
13,FB_UPT_2026_013,Eventos,Foto,104,23,1390,127,140,Feria de Proyectos de Innovación Tecnológica e Inteligencia de Negocios de los cursos de la EPIS. Exposición abierta en el Campus Capanique.,0,Alto Impacto y Tracción
14,FB_UPT_2026_014,Académico,Foto,47,8,630,55,123,Conferencia Magistral: Arquitecturas Modernas de Cloud Computing y Microservicios en Kubernetes por el Ing. Carlos Mendoza.,2,Avisos Operativos / Básicos
15,FB_UPT_2026_015,Difusión general,Foto,36,3,460,39,138,La EPIS-UPT conmemora el Día Mundial del Medio Ambiente promoviendo iniciativas de Green IT y eficiencia energética en centros de cómputo.,2,Avisos Operativos / Básicos
16,FB_UPT_2026_016,Académico,Video,65,18,920,83,115,Video tutorial: Proceso de matrícula extemporánea y rectificación de asignaturas 2026-I para estudiantes regulares.,1,Interacción Formativa Moderada
17,FB_UPT_2026_017,Logros/Becas,Foto,112,25,1560,137,129,Reconocimiento a egresados destacados de la EPIS que actualmente lideran equipos de ingeniería en empresas tecnológicas globales.,0,Alto Impacto y Tracción
18,FB_UPT_2026_018,Difusión general,Foto,88,15,1120,103,137,"Saludo muy especial a todas las madres de la Escuela de Sistemas en su día, en especial a nuestras docentes, estudiantes y colaboradoras.",0,Alto Impacto y Tracción
19,FB_UPT_2026_019,Académico,Foto,58,13,770,71,129,Charla informativa: Certificaciones de AWS Academy y Cisco Networking Academy disponibles gratuitamente para alumnos de Sistemas.,2,Avisos Operativos / Básicos
20,FB_UPT_2026_020,Otros,Texto,31,6,430,37,122,Comunicado oficial sobre horarios de laboratorios y salas de servidores para el desarrollo de proyectos de fin de carrera.,2,Avisos Operativos / Básicos
21,FB_UPT_2026_021,Eventos,Foto,135,41,1950,176,116,"Jornada de Integración Estudiantil EPIS 2026: Torneo relámpago de fútbol, básquet y torneos de videojuegos e-sports.",0,Alto Impacto y Tracción
22,FB_UPT_2026_022,Convocatorias,Foto,44,16,610,60,113,"Convocatoria para Ayudantes de Cátedra en las áreas de Algoritmos, Bases de Datos, Redes y Sistemas Inteligentes.",1,Interacción Formativa Moderada
23,FB_UPT_2026_023,Difusión general,Video,91,20,1280,111,124,Video institucional de bienvenida y recorrido por los nuevos laboratorios de cómputo de alto rendimiento y ciencia de datos.,0,Alto Impacto y Tracción
24,FB_UPT_2026_024,Eventos,Foto,105,27,1490,132,115,Inicio oficial de clases del Semestre Académico 2026-I. ¡Éxitos a todos los futuros ingenieros en este nuevo ciclo!,0,Alto Impacto y Tracción
25,FB_UPT_2026_025,Académico,Texto,38,9,510,47,103,Publicación del calendario académico oficial 2026-I y cronograma de pagos para estudiantes de pregrado.,1,Interacción Formativa Moderada
26,FB_UPT_2026_026,Difusión general,Foto,69,10,880,79,136,Conmemoración del Día Internacional de la Mujer: Saludamos y destacamos el aporte de nuestras docentes y futuras ingenieras de sistemas.,2,Avisos Operativos / Básicos
27,FB_UPT_2026_027,Convocatorias,Foto,82,19,1150,101,110,Examen de Admisión Ordinario 2026-I: ¡Forma parte de la carrera que lidera la transformación digital del país!,1,Interacción Formativa Moderada
