id_tiempo,fecha,dia,mes,nombre_mes,semana,año,trimestre
20260302,2026-03-02,2,3,Marzo,10,2026,T1
20260308,2026-03-08,8,3,Marzo,10,2026,T1
20260317,2026-03-17,17,3,Marzo,12,2026,T1
20260325,2026-03-25,25,3,Marzo,13,2026,T1
20260402,2026-04-02,2,4,Abril,14,2026,T2
20260410,2026-04-10,10,4,Abril,15,2026,T2
20260418,2026-04-18,18,4,Abril,16,2026,T2
20260426,2026-04-26,26,4,Abril,17,2026,T2
20260504,2026-05-04,4,5,Mayo,19,2026,T2
20260512,2026-05-12,12,5,Mayo,20,2026,T2
20260520,2026-05-20,20,5,Mayo,21,2026,T2
20260528,2026-05-28,28,5,Mayo,22,2026,T2
20260605,2026-06-05,5,6,Junio,23,2026,T2
20260612,2026-06-12,12,6,Junio,24,2026,T2
20260620,2026-06-20,20,6,Junio,25,2026,T2
20260628,2026-06-28,28,6,Junio,26,2026,T2
20260706,2026-07-06,6,7,Julio,28,2026,T3
20260714,2026-07-14,14,7,Julio,29,2026,T3
20260720,2026-07-20,20,7,Julio,30,2026,T3
20260727,2026-07-27,27,7,Julio,31,2026,T3
20260803,2026-08-03,3,8,Agosto,32,2026,T3
20260810,2026-08-10,10,8,Agosto,33,2026,T3
20260818,2026-08-18,18,8,Agosto,34,2026,T3
20260825,2026-08-25,25,8,Agosto,35,2026,T3
20260831,2026-08-31,31,8,Agosto,36,2026,T3
20260902,2026-09-02,2,9,Septiembre,36,2026,T3
20260903,2026-09-03,3,9,Septiembre,36,2026,T3
