id_publicacion,codigo_publicacion,id_tiempo,id_categoria,id_tipo_contenido,id_red_social,likes,comentarios,alcance,engagement,texto_publicacion,url_publicacion
1,FB_UPT_2026_001,20260903,1,1,1,32,5,480,37,Webinar Especializado: Transforma tu empresa con IA. Dirigido a estudiantes y profesionales del sector tecnológico. Inscripciones abiertas.,https://www.facebook.com/uptsistemas/posts/pfbid02zWk9bM1
2,FB_UPT_2026_002,20260902,1,1,1,48,9,620,57,Convocatoria al Congreso Internacional de Ingeniería de Sistemas INFONOR 2026. Envío de trabajos de investigación y ponencias científicas.,https://www.facebook.com/uptsistemas/posts/pfbid03aNx8cD2
3,FB_UPT_2026_003,20260831,1,2,1,56,12,890,68,Webinar: Inteligencia Artificial y nuevas oportunidades en la ingeniería de software moderna con ponentes internacionales de la industria.,https://www.facebook.com/uptsistemas/posts/pfbid04bOy7eF3
4,FB_UPT_2026_004,20260825,2,1,1,115,28,1450,143,Ceremonia de Graduación y Colación de Grados de los bachilleres y titulados en Ingeniería de Sistemas - Promoción 2026. ¡Felicitaciones a los nuevos ingenieros!,https://www.facebook.com/uptsistemas/posts/pfbid05cPz6gH4
5,FB_UPT_2026_005,20260818,4,1,1,42,14,580,56,Convocatoria a Prácticas Pre Profesionales en empresas líderes de desarrollo de software y TI aliadas con la EPIS-UPT.,https://www.facebook.com/uptsistemas/posts/pfbid06dQa5iJ5
6,FB_UPT_2026_006,20260810,3,1,1,98,21,1320,119,Felicitamos al equipo de estudiantes de la EPIS por obtener el 1er puesto en la Hackathon Regional Tacna Innova 2026 con su proyecto de Smart Health.,https://www.facebook.com/uptsistemas/posts/pfbid07eRb4kL6
7,FB_UPT_2026_007,20260803,1,1,1,39,7,510,46,Taller intensivo de Ciberseguridad y Auditoría de Sistemas de Información. Aprende técnicas de pentesting ético y respuesta a incidentes.,https://www.facebook.com/uptsistemas/posts/pfbid08fSc3mN7
8,FB_UPT_2026_008,20260727,5,1,1,74,8,950,82,¡Felices Fiestas Patrias! La Escuela Profesional de Ingeniería de Sistemas saluda a toda la comunidad universitaria y a nuestra patria en este 28 de Julio.,https://www.facebook.com/uptsistemas/posts/pfbid09gTd2oP8
9,FB_UPT_2026_009,20260720,1,3,1,26,4,390,30,Recordatorio de entrega de notas finales y actas de evaluación correspondientes al primer corte del semestre 2026-I a través del portal docente.,https://www.facebook.com/uptsistemas/posts/pfbid10hUe1qR9
10,FB_UPT_2026_010,20260714,3,1,1,83,19,1180,102,Beca de Movilidad Académica Internacional UPT: Se apertura postulación para pasantías estudiantiles en universidades de Chile y Colombia.,https://www.facebook.com/uptsistemas/posts/pfbid11iVf0sT0
11,FB_UPT_2026_011,20260706,2,2,1,128,34,1820,162,"Video resumen de la Semana de Ingeniería de Sistemas: Conferencias magistrales, feria de prototipos de robótica y torneo de programación competitiva.",https://www.facebook.com/uptsistemas/posts/pfbid12jWg9uV1
12,FB_UPT_2026_012,20260628,4,1,1,51,11,710,62,Convocatoria abierta para conformar el Capítulo Estudiantil IEEE Computer Society EPIS-UPT periodo 2026-2027.,https://www.facebook.com/uptsistemas/posts/pfbid13kXh8wX2
13,FB_UPT_2026_013,20260620,2,1,1,104,23,1390,127,Feria de Proyectos de Innovación Tecnológica e Inteligencia de Negocios de los cursos de la EPIS. Exposición abierta en el Campus Capanique.,https://www.facebook.com/uptsistemas/posts/pfbid14lYi7yZ3
14,FB_UPT_2026_014,20260612,1,1,1,47,8,630,55,Conferencia Magistral: Arquitecturas Modernas de Cloud Computing y Microservicios en Kubernetes por el Ing. Carlos Mendoza.,https://www.facebook.com/uptsistemas/posts/pfbid15mZj6aB4
15,FB_UPT_2026_015,20260605,5,1,1,36,3,460,39,La EPIS-UPT conmemora el Día Mundial del Medio Ambiente promoviendo iniciativas de Green IT y eficiencia energética en centros de cómputo.,https://www.facebook.com/uptsistemas/posts/pfbid16nAk5cD5
16,FB_UPT_2026_016,20260528,1,2,1,65,18,920,83,Video tutorial: Proceso de matrícula extemporánea y rectificación de asignaturas 2026-I para estudiantes regulares.,https://www.facebook.com/uptsistemas/posts/pfbid17oBl4eF6
17,FB_UPT_2026_017,20260520,3,1,1,112,25,1560,137,Reconocimiento a egresados destacados de la EPIS que actualmente lideran equipos de ingeniería en empresas tecnológicas globales.,https://www.facebook.com/uptsistemas/posts/pfbid18pCm3gH7
18,FB_UPT_2026_018,20260512,5,1,1,88,15,1120,103,"Saludo muy especial a todas las madres de la Escuela de Sistemas en su día, en especial a nuestras docentes, estudiantes y colaboradoras.",https://www.facebook.com/uptsistemas/posts/pfbid19qDn2iJ8
19,FB_UPT_2026_019,20260504,1,1,1,58,13,770,71,Charla informativa: Certificaciones de AWS Academy y Cisco Networking Academy disponibles gratuitamente para alumnos de Sistemas.,https://www.facebook.com/uptsistemas/posts/pfbid20rEo1kL9
20,FB_UPT_2026_020,20260426,6,3,1,31,6,430,37,Comunicado oficial sobre horarios de laboratorios y salas de servidores para el desarrollo de proyectos de fin de carrera.,https://www.facebook.com/uptsistemas/posts/pfbid21sFp0mN0
21,FB_UPT_2026_021,20260418,2,1,1,135,41,1950,176,"Jornada de Integración Estudiantil EPIS 2026: Torneo relámpago de fútbol, básquet y torneos de videojuegos e-sports.",https://www.facebook.com/uptsistemas/posts/pfbid22tGq9oP1
22,FB_UPT_2026_022,20260410,4,1,1,44,16,610,60,"Convocatoria para Ayudantes de Cátedra en las áreas de Algoritmos, Bases de Datos, Redes y Sistemas Inteligentes.",https://www.facebook.com/uptsistemas/posts/pfbid23uHr8qR2
23,FB_UPT_2026_023,20260402,5,2,1,91,20,1280,111,Video institucional de bienvenida y recorrido por los nuevos laboratorios de cómputo de alto rendimiento y ciencia de datos.,https://www.facebook.com/uptsistemas/posts/pfbid24vIs7sT3
24,FB_UPT_2026_024,20260325,2,1,1,105,27,1490,132,Inicio oficial de clases del Semestre Académico 2026-I. ¡Éxitos a todos los futuros ingenieros en este nuevo ciclo!,https://www.facebook.com/uptsistemas/posts/pfbid25wJt6uV4
25,FB_UPT_2026_025,20260317,1,3,1,38,9,510,47,Publicación del calendario académico oficial 2026-I y cronograma de pagos para estudiantes de pregrado.,https://www.facebook.com/uptsistemas/posts/pfbid26xKu5wX5
26,FB_UPT_2026_026,20260308,5,1,1,69,10,880,79,Conmemoración del Día Internacional de la Mujer: Saludamos y destacamos el aporte de nuestras docentes y futuras ingenieras de sistemas.,https://www.facebook.com/uptsistemas/posts/pfbid27yLv4yZ6
27,FB_UPT_2026_027,20260302,4,1,1,82,19,1150,101,Examen de Admisión Ordinario 2026-I: ¡Forma parte de la carrera que lidera la transformación digital del país!,https://www.facebook.com/uptsistemas/posts/pfbid28zMw3aB7
